"experiment_ID","experiment_year","plot_id","treatment_number","date_of_measurement","harvest_yield_at_day_dw","yield_moisture_content","grain_unit_dry_weight","grain_N","grain_P","grain_K","grain_protein_concentration","grain_oil_conc","obs_time_series_comment"
"LTFE_Duernast",2015,3,1,"2015-08-25",6135,4.86,40.85,133.743,NA,NA,NA,NA,NA
"LTFE_Duernast",2015,17,1,"2015-08-25",7525,3.73999999999999,43.78,164.7975,NA,NA,NA,NA,NA
"LTFE_Duernast",2015,39,1,"2015-08-25",6502,3.65000000000001,44.41,143.044,NA,NA,NA,NA,NA
"LTFE_Duernast",2015,53,1,"2015-08-25",6705,3.70999999999999,44.08,153.5445,NA,NA,NA,NA,NA
"LTFE_Duernast",2015,5,2,"2015-08-25",7361,3.43000000000001,43.07,184.7611,NA,NA,NA,NA,NA
"LTFE_Duernast",2015,19,2,"2015-08-25",7488,3.31999999999999,41.96,169.9776,NA,NA,NA,NA,NA
"LTFE_Duernast",2015,33,2,"2015-08-25",7846,3.53,44.34,181.2426,NA,NA,NA,NA,NA
"LTFE_Duernast",2015,55,2,"2015-08-25",6388,3.15000000000001,44.62,137.9808,NA,NA,NA,NA,NA
"LTFE_Duernast",2015,7,3,"2015-08-25",6322,3.36,42.02,122.6468,NA,NA,NA,NA,NA
"LTFE_Duernast",2015,21,3,"2015-08-25",7806,4.22,42.21,186.5634,NA,NA,NA,NA,NA
"LTFE_Duernast",2015,35,3,"2015-08-25",7440,3.2,42.66,171.864,NA,NA,NA,NA,NA
"LTFE_Duernast",2015,49,3,"2015-08-25",7562,3.73,42.91,160.3144,NA,NA,NA,NA,NA
"LTFE_Duernast",2015,9,4,"2015-08-25",6934,3.64,37.89,140.7602,NA,NA,NA,NA,NA
"LTFE_Duernast",2015,31,4,"2015-08-25",7110,3.01000000000001,43.12,154.998,NA,NA,NA,NA,NA
"LTFE_Duernast",2015,45,4,"2015-08-25",7567,3.5,42.82,160.4204,NA,NA,NA,NA,NA
"LTFE_Duernast",2015,59,4,"2015-08-25",7049,3.23999999999999,41.89,142.3898,NA,NA,NA,NA,NA
"LTFE_Duernast",2015,11,5,"2015-08-25",7360,4.03,42.37,155.296,NA,NA,NA,NA,NA
"LTFE_Duernast",2015,25,5,"2015-08-25",7198,3.92,42.23,150.4382,NA,NA,NA,NA,NA
"LTFE_Duernast",2015,47,5,"2015-08-25",7053,3.29000000000001,43.44,150.2289,NA,NA,NA,NA,NA
"LTFE_Duernast",2015,61,5,"2015-08-25",7096,3.26000000000001,43.56,156.8216,NA,NA,NA,NA,NA
"LTFE_Duernast",2015,13,6,"2015-08-25",6886,8.8,41.2,0,NA,NA,NA,NA,NA
"LTFE_Duernast",2015,27,6,"2015-08-25",6594,4.20999999999999,41.12,154.959,NA,NA,NA,NA,NA
"LTFE_Duernast",2015,41,6,"2015-08-25",6950,3.7,41.71,166.105,NA,NA,NA,NA,NA
"LTFE_Duernast",2015,63,6,"2015-08-25",5447,3.73999999999999,42.48,120.3787,NA,NA,NA,NA,NA
"LTFE_Duernast",2015,15,7,"2015-08-25",7711,3.38,42.96,161.931,NA,NA,NA,NA,NA
"LTFE_Duernast",2015,29,7,"2015-08-25",8215,3.65000000000001,42.53,193.874,NA,NA,NA,NA,NA
"LTFE_Duernast",2015,43,7,"2015-08-25",7677,3.09,42.71,178.1064,NA,NA,NA,NA,NA
"LTFE_Duernast",2015,57,7,"2015-08-25",7895,3.73,43.74,162.637,NA,NA,NA,NA,NA
"LTFE_Duernast",2015,4,8,"2015-08-25",7727,3.19,42.06,194.7204,NA,NA,NA,NA,NA
"LTFE_Duernast",2015,18,8,"2015-08-25",8440,3.16,42.91,214.376,NA,NA,NA,NA,NA
"LTFE_Duernast",2015,40,8,"2015-08-25",7239,3.26000000000001,43.28,176.6316,NA,NA,NA,NA,NA
"LTFE_Duernast",2015,54,8,"2015-08-25",8097,3.34999999999999,42.5,178.9437,NA,NA,NA,NA,NA
"LTFE_Duernast",2015,6,9,"2015-08-25",8208,3.98,41.95,206.8416,NA,NA,NA,NA,NA
"LTFE_Duernast",2015,20,9,"2015-08-25",8853,2.94,42.04,227.5221,NA,NA,NA,NA,NA
"LTFE_Duernast",2015,34,9,"2015-08-25",8530,3.22,43.23,218.368,NA,NA,NA,NA,NA
"LTFE_Duernast",2015,56,9,"2015-08-25",7117,3.08,43.35,173.6548,NA,NA,NA,NA,NA
"LTFE_Duernast",2015,8,10,"2015-08-25",6569,3.92,44.79,168.8233,NA,NA,NA,NA,NA
"LTFE_Duernast",2015,22,10,"2015-08-25",8412,3.31,42.27,213.6648,NA,NA,NA,NA,NA
"LTFE_Duernast",2015,36,10,"2015-08-25",7855,3.33,40.98,201.088,NA,NA,NA,NA,NA
"LTFE_Duernast",2015,50,10,"2015-08-25",7929,3.72,44.13,199.0179,NA,NA,NA,NA,NA
"LTFE_Duernast",2015,10,11,"2015-08-25",8142,3.26000000000001,43.46,203.55,NA,NA,NA,NA,NA
"LTFE_Duernast",2015,32,11,"2015-08-25",7313,3.64,43.42,186.4815,NA,NA,NA,NA,NA
"LTFE_Duernast",2015,46,11,"2015-08-25",8073,3.34999999999999,44.27,190.5228,NA,NA,NA,NA,NA
"LTFE_Duernast",2015,60,11,"2015-08-25",7538,3.93000000000001,41.68,157.5442,NA,NA,NA,NA,NA
"LTFE_Duernast",2015,12,12,"2015-08-25",8136,3.33,42.37,209.0952,NA,NA,NA,NA,NA
"LTFE_Duernast",2015,26,12,"2015-08-25",8035,3.41,41.59,200.0715,NA,NA,NA,NA,NA
"LTFE_Duernast",2015,48,12,"2015-08-25",6998,3.31999999999999,43.42,156.0554,NA,NA,NA,NA,NA
"LTFE_Duernast",2015,62,12,"2015-08-25",7481,3.51000000000001,43.15,160.0934,NA,NA,NA,NA,NA
"LTFE_Duernast",2015,14,13,"2015-08-25",7992,3.64,41.02,200.5992,NA,NA,NA,NA,NA
"LTFE_Duernast",2015,28,13,"2015-08-25",7961,3.12,41.69,201.4133,NA,NA,NA,NA,NA
"LTFE_Duernast",2015,42,13,"2015-08-25",7506,3.51000000000001,43.13,191.403,NA,NA,NA,NA,NA
"LTFE_Duernast",2015,64,13,"2015-08-25",6256,5.09999999999999,42.82,143.888,NA,NA,NA,NA,NA
"LTFE_Duernast",2015,16,14,"2015-08-25",7907,3.73999999999999,44.45,206.3727,NA,NA,NA,NA,NA
"LTFE_Duernast",2015,30,14,"2015-08-25",8356,3.29000000000001,42.89,193.8592,NA,NA,NA,NA,NA
"LTFE_Duernast",2015,44,14,"2015-08-25",8448,3.55,42.55,217.1136,NA,NA,NA,NA,NA
"LTFE_Duernast",2015,58,14,"2015-08-25",8106,3.73,43.12,186.438,NA,NA,NA,NA,NA
"LTFE_Duernast",2015,1,15,"2015-08-25",3602,3.06,37.85,69.8788,NA,NA,NA,NA,NA
"LTFE_Duernast",2015,2,15,"2015-08-25",3145,3.39,43.59,82.0845,NA,NA,NA,NA,NA
"LTFE_Duernast",2015,23,15,"2015-08-25",3409,3.45,41.11,62.3847,NA,NA,NA,NA,NA
"LTFE_Duernast",2015,24,15,"2015-08-25",3840,4.68000000000001,41.55,58.368,NA,NA,NA,NA,NA
"LTFE_Duernast",2015,37,15,"2015-08-25",3898,3.56,43.58,86.1458,NA,NA,NA,NA,NA
"LTFE_Duernast",2015,38,15,"2015-08-25",3712,3.31,42.66,83.8912,NA,NA,NA,NA,NA
"LTFE_Duernast",2015,51,15,"2015-08-25",2946,3.38,43.56,65.4012,NA,NA,NA,NA,NA
"LTFE_Duernast",2015,52,15,"2015-08-25",3187,4,39.74,64.6961,NA,NA,NA,NA,NA
"LTFE_Duernast",2016,3,1,"2016-10-12",7434,25.04,NA,124.8912,NA,NA,NA,NA,NA
"LTFE_Duernast",2016,17,1,"2016-10-12",10236,23.12,NA,172.9884,NA,NA,NA,NA,NA
"LTFE_Duernast",2016,39,1,"2016-10-12",8504,22.69,NA,121.6072,NA,NA,NA,NA,NA
"LTFE_Duernast",2016,53,1,"2016-10-12",9234,23.28,NA,147.744,NA,NA,NA,NA,NA
"LTFE_Duernast",2016,5,2,"2016-10-12",9329,24.2,NA,153.9285,NA,NA,NA,NA,NA
"LTFE_Duernast",2016,19,2,"2016-10-12",10193,23.35,NA,165.1266,NA,NA,NA,NA,NA
"LTFE_Duernast",2016,33,2,"2016-10-12",10729,23.87,NA,184.5388,NA,NA,NA,NA,NA
"LTFE_Duernast",2016,55,2,"2016-10-12",8606,23.47,NA,129.9506,NA,NA,NA,NA,NA
"LTFE_Duernast",2016,7,3,"2016-10-12",7936,24.88,NA,131.7376,NA,NA,NA,NA,NA
"LTFE_Duernast",2016,21,3,"2016-10-12",9479,20.8,NA,152.6119,NA,NA,NA,NA,NA
"LTFE_Duernast",2016,35,3,"2016-10-12",9362,23.62,NA,146.0472,NA,NA,NA,NA,NA
"LTFE_Duernast",2016,49,3,"2016-10-12",9500,24.11,NA,163.4,NA,NA,NA,NA,NA
"LTFE_Duernast",2016,9,4,"2016-10-12",11783,23.81,NA,207.3808,NA,NA,NA,NA,NA
"LTFE_Duernast",2016,31,4,"2016-10-12",8497,21.88,NA,119.8077,NA,NA,NA,NA,NA
"LTFE_Duernast",2016,45,4,"2016-10-12",8768,22.88,NA,141.1648,NA,NA,NA,NA,NA
"LTFE_Duernast",2016,59,4,"2016-10-12",8766,22.83,NA,134.9964,NA,NA,NA,NA,NA
"LTFE_Duernast",2016,11,5,"2016-10-12",6489,21.98,NA,108.3663,NA,NA,NA,NA,NA
"LTFE_Duernast",2016,25,5,"2016-10-12",9816,23.74,NA,169.8168,NA,NA,NA,NA,NA
"LTFE_Duernast",2016,47,5,"2016-10-12",7969,23.34,NA,117.1443,NA,NA,NA,NA,NA
"LTFE_Duernast",2016,61,5,"2016-10-12",9274,23.92,NA,135.4004,NA,NA,NA,NA,NA
"LTFE_Duernast",2016,13,6,"2016-10-12",7059,21.78,NA,115.7676,NA,NA,NA,NA,NA
"LTFE_Duernast",2016,27,6,"2016-10-12",7830,22.42,NA,120.582,NA,NA,NA,NA,NA
"LTFE_Duernast",2016,41,6,"2016-10-12",8938,24.19,NA,150.1584,NA,NA,NA,NA,NA
"LTFE_Duernast",2016,63,6,"2016-10-12",6024,24.61,NA,92.7696,NA,NA,NA,NA,NA
"LTFE_Duernast",2016,15,7,"2016-10-12",9102,23.17,NA,149.2728,NA,NA,NA,NA,NA
"LTFE_Duernast",2016,29,7,"2016-10-12",9258,20.82,NA,146.2764,NA,NA,NA,NA,NA
"LTFE_Duernast",2016,43,7,"2016-10-12",9207,23.6,NA,148.2327,NA,NA,NA,NA,NA
"LTFE_Duernast",2016,57,7,"2016-10-12",10776,23.83,NA,178.8816,NA,NA,NA,NA,NA
"LTFE_Duernast",2016,4,8,"2016-10-12",9465,24.79,NA,138.189,NA,NA,NA,NA,NA
"LTFE_Duernast",2016,18,8,"2016-10-12",9791,23.54,NA,143.9277,NA,NA,NA,NA,NA
"LTFE_Duernast",2016,40,8,"2016-10-12",10232,23.35,NA,162.6888,NA,NA,NA,NA,NA
"LTFE_Duernast",2016,54,8,"2016-10-12",9398,23.16,NA,158.8262,NA,NA,NA,NA,NA
"LTFE_Duernast",2016,6,9,"2016-10-12",10107,24.55,NA,156.6585,NA,NA,NA,NA,NA
"LTFE_Duernast",2016,20,9,"2016-10-12",10351,22.07,NA,170.7915,NA,NA,NA,NA,NA
"LTFE_Duernast",2016,34,9,"2016-10-12",9118,23.79,NA,145.888,NA,NA,NA,NA,NA
"LTFE_Duernast",2016,56,9,"2016-10-12",9509,23.5,NA,149.2913,NA,NA,NA,NA,NA
"LTFE_Duernast",2016,8,10,"2016-10-12",9993,22.93,NA,148.8957,NA,NA,NA,NA,NA
"LTFE_Duernast",2016,22,10,"2016-10-12",10124,21,NA,168.0584,NA,NA,NA,NA,NA
"LTFE_Duernast",2016,36,10,"2016-10-12",10322,22.53,NA,169.2808,NA,NA,NA,NA,NA
"LTFE_Duernast",2016,50,10,"2016-10-12",9677,24,NA,163.5413,NA,NA,NA,NA,NA
"LTFE_Duernast",2016,10,11,"2016-10-12",8489,23.15,NA,132.4284,NA,NA,NA,NA,NA
"LTFE_Duernast",2016,32,11,"2016-10-12",9686,22.24,NA,157.8818,NA,NA,NA,NA,NA
"LTFE_Duernast",2016,46,11,"2016-10-12",9754,22.33,NA,168.7442,NA,NA,NA,NA,NA
"LTFE_Duernast",2016,60,11,"2016-10-12",10124,22.97,NA,174.1328,NA,NA,NA,NA,NA
"LTFE_Duernast",2016,12,12,"2016-10-12",5544,21.83,NA,83.16,NA,NA,NA,NA,NA
"LTFE_Duernast",2016,26,12,"2016-10-12",6892,23.69,NA,106.826,NA,NA,NA,NA,NA
"LTFE_Duernast",2016,48,12,"2016-10-12",8147,23.95,NA,124.6491,NA,NA,NA,NA,NA
"LTFE_Duernast",2016,62,12,"2016-10-12",8886,24.47,NA,142.176,NA,NA,NA,NA,NA
"LTFE_Duernast",2016,14,13,"2016-10-12",9171,22.51,NA,147.6531,NA,NA,NA,NA,NA
"LTFE_Duernast",2016,28,13,"2016-10-12",9140,21.9,NA,145.326,NA,NA,NA,NA,NA
"LTFE_Duernast",2016,42,13,"2016-10-12",8809,24.53,NA,140.944,NA,NA,NA,NA,NA
"LTFE_Duernast",2016,64,13,"2016-10-12",7351,24.08,NA,119.8213,NA,NA,NA,NA,NA
"LTFE_Duernast",2016,16,14,"2016-10-12",9161,23,NA,131.9184,NA,NA,NA,NA,NA
"LTFE_Duernast",2016,30,14,"2016-10-12",10053,21.12,NA,174.9222,NA,NA,NA,NA,NA
"LTFE_Duernast",2016,44,14,"2016-10-12",9556,22.75,NA,164.3632,NA,NA,NA,NA,NA
"LTFE_Duernast",2016,58,14,"2016-10-12",10094,23.74,NA,175.6356,NA,NA,NA,NA,NA
"LTFE_Duernast",2016,1,15,"2016-10-12",1655,21.68,NA,19.198,NA,NA,NA,NA,NA
"LTFE_Duernast",2016,2,15,"2016-10-12",2015,24.74,NA,32.4415,NA,NA,NA,NA,NA
"LTFE_Duernast",2016,23,15,"2016-10-12",2650,21.46,NA,39.22,NA,NA,NA,NA,NA
"LTFE_Duernast",2016,24,15,"2016-10-12",3435,22.65,NA,53.2425,NA,NA,NA,NA,NA
"LTFE_Duernast",2016,37,15,"2016-10-12",4036,21.29,NA,63.3652,NA,NA,NA,NA,NA
"LTFE_Duernast",2016,38,15,"2016-10-12",3211,21.94,NA,55.8714,NA,NA,NA,NA,NA
"LTFE_Duernast",2016,51,15,"2016-10-12",3608,24.34,NA,55.5632,NA,NA,NA,NA,NA
"LTFE_Duernast",2016,52,15,"2016-10-12",3718,23.61,NA,63.206,NA,NA,NA,NA,NA
"LTFE_Duernast",2017,3,1,"2017-08-07",5423,16.9,37.9,98.6986,NA,NA,NA,NA,NA
"LTFE_Duernast",2017,17,1,"2017-08-07",7585,15.3,43.2,148.666,NA,NA,NA,NA,NA
"LTFE_Duernast",2017,39,1,"2017-08-07",6202,13.6,38.1,137.0642,NA,NA,NA,NA,NA
"LTFE_Duernast",2017,53,1,"2017-08-07",6133,12.9,39.9,122.0467,NA,NA,NA,NA,NA
"LTFE_Duernast",2017,5,2,"2017-08-07",7219,13.7,38.5,141.4924,NA,NA,NA,NA,NA
"LTFE_Duernast",2017,19,2,"2017-08-07",8052,14.6,43.4,165.8712,NA,NA,NA,NA,NA
"LTFE_Duernast",2017,33,2,"2017-08-07",8186,14.8,41.1,166.9944,NA,NA,NA,NA,NA
"LTFE_Duernast",2017,55,2,"2017-08-07",6102,13.8,41.1,125.091,NA,NA,NA,NA,NA
"LTFE_Duernast",2017,7,3,"2017-08-07",5870,13.8,39.4,104.486,NA,NA,NA,NA,NA
"LTFE_Duernast",2017,21,3,"2017-08-07",7702,13.4,41.1,137.0956,NA,NA,NA,NA,NA
"LTFE_Duernast",2017,35,3,"2017-08-07",7308,14,41.2,134.4672,NA,NA,NA,NA,NA
"LTFE_Duernast",2017,49,3,"2017-08-07",7634,16,41.7,156.497,NA,NA,NA,NA,NA
"LTFE_Duernast",2017,9,4,"2017-08-07",8443,16.4,41.2,169.7043,NA,NA,NA,NA,NA
"LTFE_Duernast",2017,31,4,"2017-08-07",8170,13.6,40.8,169.936,NA,NA,NA,NA,NA
"LTFE_Duernast",2017,45,4,"2017-08-07",8205,13.1,40.5,174.7665,NA,NA,NA,NA,NA
"LTFE_Duernast",2017,59,4,"2017-08-07",7876,15.4,42.3,156.7324,NA,NA,NA,NA,NA
"LTFE_Duernast",2017,11,5,"2017-08-07",9238,13.7,41.7,180.141,NA,NA,NA,NA,NA
"LTFE_Duernast",2017,25,5,"2017-08-07",9005,15.2,41.6,179.1995,NA,NA,NA,NA,NA
"LTFE_Duernast",2017,47,5,"2017-08-07",7816,13.5,41,156.32,NA,NA,NA,NA,NA
"LTFE_Duernast",2017,61,5,"2017-08-07",7937,13.7,41,150.0093,NA,NA,NA,NA,NA
"LTFE_Duernast",2017,13,6,"2017-08-07",7088,13.2,37.6,123.3312,NA,NA,NA,NA,NA
"LTFE_Duernast",2017,27,6,"2017-08-07",6934,14.3,39.6,142.147,NA,NA,NA,NA,NA
"LTFE_Duernast",2017,41,6,"2017-08-07",7097,15.2,40.2,141.94,NA,NA,NA,NA,NA
"LTFE_Duernast",2017,63,6,"2017-08-07",5036,14.2,37.5,95.1804,NA,NA,NA,NA,NA
"LTFE_Duernast",2017,15,7,"2017-08-07",7462,13.1,39.5,143.2704,NA,NA,NA,NA,NA
"LTFE_Duernast",2017,29,7,"2017-08-07",8229,13.2,41.1,173.6319,NA,NA,NA,NA,NA
"LTFE_Duernast",2017,43,7,"2017-08-07",7911,15.2,42.4,163.7577,NA,NA,NA,NA,NA
"LTFE_Duernast",2017,57,7,"2017-08-07",8580,14.8,42.8,177.606,NA,NA,NA,NA,NA
"LTFE_Duernast",2017,4,8,"2017-08-07",8381,13.2,39.6,186.8963,NA,NA,NA,NA,NA
"LTFE_Duernast",2017,18,8,"2017-08-07",9375,14.9,39.9,218.4375,NA,NA,NA,NA,NA
"LTFE_Duernast",2017,40,8,"2017-08-07",8922,13.4,41.1,210.5592,NA,NA,NA,NA,NA
"LTFE_Duernast",2017,54,8,"2017-08-07",8610,13,39.7,200.613,NA,NA,NA,NA,NA
"LTFE_Duernast",2017,6,9,"2017-08-07",9002,12.9,40.1,198.044,NA,NA,NA,NA,NA
"LTFE_Duernast",2017,20,9,"2017-08-07",10058,13.1,40,238.3746,NA,NA,NA,NA,NA
"LTFE_Duernast",2017,34,9,"2017-08-07",10279,15.5,42.7,253.8913,NA,NA,NA,NA,NA
"LTFE_Duernast",2017,56,9,"2017-08-07",8267,13.4,41.8,176.0871,NA,NA,NA,NA,NA
"LTFE_Duernast",2017,8,10,"2017-08-07",7721,13,39.7,162.141,NA,NA,NA,NA,NA
"LTFE_Duernast",2017,22,10,"2017-08-07",9304,13,40.7,201.8968,NA,NA,NA,NA,NA
"LTFE_Duernast",2017,36,10,"2017-08-07",9349,13.5,41.3,209.4176,NA,NA,NA,NA,NA
"LTFE_Duernast",2017,50,10,"2017-08-07",9263,16.7,40.9,224.1646,NA,NA,NA,NA,NA
"LTFE_Duernast",2017,10,11,"2017-08-07",9954,15,40.5,232.9236,NA,NA,NA,NA,NA
"LTFE_Duernast",2017,32,11,"2017-08-07",9813,13.7,39.3,239.4372,NA,NA,NA,NA,NA
"LTFE_Duernast",2017,46,11,"2017-08-07",9848,13.1,40.7,246.2,NA,NA,NA,NA,NA
"LTFE_Duernast",2017,60,11,"2017-08-07",9893,16.9,37.3,240.3999,NA,NA,NA,NA,NA
"LTFE_Duernast",2017,12,12,"2017-08-07",10378,13.1,39,267.7524,NA,NA,NA,NA,NA
"LTFE_Duernast",2017,26,12,"2017-08-07",10171,15.6,41.9,244.104,NA,NA,NA,NA,NA
"LTFE_Duernast",2017,48,12,"2017-08-07",9098,13.4,41.8,201.0658,NA,NA,NA,NA,NA
"LTFE_Duernast",2017,62,12,"2017-08-07",9331,14.3,40.8,204.3489,NA,NA,NA,NA,NA
"LTFE_Duernast",2017,14,13,"2017-08-07",8441,12.7,38.8,190.7666,NA,NA,NA,NA,NA
"LTFE_Duernast",2017,28,13,"2017-08-07",8961,12.9,39.7,189.0771,NA,NA,NA,NA,NA
"LTFE_Duernast",2017,42,13,"2017-08-07",8763,14.9,39.2,211.1883,NA,NA,NA,NA,NA
"LTFE_Duernast",2017,64,13,"2017-08-07",6934,14.3,38.7,136.5998,NA,NA,NA,NA,NA
"LTFE_Duernast",2017,16,14,"2017-08-07",9365,12.7,40.6,225.6965,NA,NA,NA,NA,NA
"LTFE_Duernast",2017,30,14,"2017-08-07",9693,13.2,41.8,232.632,NA,NA,NA,NA,NA
"LTFE_Duernast",2017,44,14,"2017-08-07",9510,14.3,39,227.289,NA,NA,NA,NA,NA
"LTFE_Duernast",2017,58,14,"2017-08-07",9302,19.3,40.8,215.8064,NA,NA,NA,NA,NA
"LTFE_Duernast",2017,1,15,"2017-08-07",2617,17.1,37.4,45.5358,NA,NA,NA,NA,NA
"LTFE_Duernast",2017,2,15,"2017-08-07",2236,17.3,35.9,37.7884,NA,NA,NA,NA,NA
"LTFE_Duernast",2017,23,15,"2017-08-07",2576,14.3,37,44.0496,NA,NA,NA,NA,NA
"LTFE_Duernast",2017,24,15,"2017-08-07",3581,17,37.4,60.5189,NA,NA,NA,NA,NA
"LTFE_Duernast",2017,37,15,"2017-08-07",2723,13.6,36,45.2018,NA,NA,NA,NA,NA
"LTFE_Duernast",2017,38,15,"2017-08-07",2728,14.1,37,44.1936,NA,NA,NA,NA,NA
"LTFE_Duernast",2017,51,15,"2017-08-07",1565,17,34.8,26.4485,NA,NA,NA,NA,NA
"LTFE_Duernast",2017,52,15,"2017-08-07",2395,15.1,35,39.757,NA,NA,NA,NA,NA
"LTFE_Duernast",2018,3,1,"2018-09-26",10438,22.61,NA,143.0006,NA,NA,NA,NA,NA
"LTFE_Duernast",2018,17,1,"2018-09-26",11177,22.05,NA,153.1249,NA,NA,NA,NA,NA
"LTFE_Duernast",2018,39,1,"2018-09-26",10151,22.8,NA,156.3254,NA,NA,NA,NA,NA
"LTFE_Duernast",2018,53,1,"2018-09-26",10347,21.24,NA,145.8927,NA,NA,NA,NA,NA
"LTFE_Duernast",2018,5,2,"2018-09-26",10667,22.73,NA,148.2713,NA,NA,NA,NA,NA
"LTFE_Duernast",2018,19,2,"2018-09-26",11285,22.57,NA,154.6045,NA,NA,NA,NA,NA
"LTFE_Duernast",2018,33,2,"2018-09-26",11646,22.6,NA,166.5378,NA,NA,NA,NA,NA
"LTFE_Duernast",2018,55,2,"2018-09-26",8968,22.89,NA,121.9648,NA,NA,NA,NA,NA
"LTFE_Duernast",2018,7,3,"2018-09-26",9456,23.23,NA,133.3296,NA,NA,NA,NA,NA
"LTFE_Duernast",2018,21,3,"2018-09-26",9604,20.91,NA,122.9312,NA,NA,NA,NA,NA
"LTFE_Duernast",2018,35,3,"2018-09-26",11019,21.86,NA,141.0432,NA,NA,NA,NA,NA
"LTFE_Duernast",2018,49,3,"2018-09-26",10531,21.86,NA,148.4871,NA,NA,NA,NA,NA
"LTFE_Duernast",2018,9,4,"2018-09-26",10720,23.2,NA,146.864,NA,NA,NA,NA,NA
"LTFE_Duernast",2018,31,4,"2018-09-26",10617,22.57,NA,147.5763,NA,NA,NA,NA,NA
"LTFE_Duernast",2018,45,4,"2018-09-26",10806,21.14,NA,145.881,NA,NA,NA,NA,NA
"LTFE_Duernast",2018,59,4,"2018-09-26",11157,22.52,NA,147.2724,NA,NA,NA,NA,NA
"LTFE_Duernast",2018,11,5,"2018-09-26",10846,21.9,NA,150.7594,NA,NA,NA,NA,NA
"LTFE_Duernast",2018,25,5,"2018-09-26",10157,21.9,NA,124.9311,NA,NA,NA,NA,NA
"LTFE_Duernast",2018,47,5,"2018-09-26",10655,22.99,NA,144.908,NA,NA,NA,NA,NA
"LTFE_Duernast",2018,61,5,"2018-09-26",10788,22.2,NA,144.5592,NA,NA,NA,NA,NA
"LTFE_Duernast",2018,13,6,"2018-09-26",11251,21.25,NA,149.6383,NA,NA,NA,NA,NA
"LTFE_Duernast",2018,27,6,"2018-09-26",10359,21.89,NA,137.7747,NA,NA,NA,NA,NA
"LTFE_Duernast",2018,41,6,"2018-09-26",10465,22.35,NA,140.231,NA,NA,NA,NA,NA
"LTFE_Duernast",2018,63,6,"2018-09-26",8414,23.62,NA,105.175,NA,NA,NA,NA,NA
"LTFE_Duernast",2018,15,7,"2018-09-26",10199,22.31,NA,138.7064,NA,NA,NA,NA,NA
"LTFE_Duernast",2018,29,7,"2018-09-26",11316,21.64,NA,157.2924,NA,NA,NA,NA,NA
"LTFE_Duernast",2018,43,7,"2018-09-26",10352,22,NA,179.0896,NA,NA,NA,NA,NA
"LTFE_Duernast",2018,57,7,"2018-09-26",9970,21.42,NA,131.604,NA,NA,NA,NA,NA
"LTFE_Duernast",2018,4,8,"2018-09-26",11956,23.05,NA,182.9268,NA,NA,NA,NA,NA
"LTFE_Duernast",2018,18,8,"2018-09-26",11558,23.8,NA,183.7722,NA,NA,NA,NA,NA
"LTFE_Duernast",2018,40,8,"2018-09-26",10775,24.53,NA,164.8575,NA,NA,NA,NA,NA
"LTFE_Duernast",2018,54,8,"2018-09-26",12252,21.67,NA,200.9328,NA,NA,NA,NA,NA
"LTFE_Duernast",2018,6,9,"2018-09-26",11270,23.16,NA,169.05,NA,NA,NA,NA,NA
"LTFE_Duernast",2018,20,9,"2018-09-26",11752,22.42,NA,183.3312,NA,NA,NA,NA,NA
"LTFE_Duernast",2018,34,9,"2018-09-26",13382,23.07,NA,207.421,NA,NA,NA,NA,NA
"LTFE_Duernast",2018,56,9,"2018-09-26",10387,23.33,NA,159.9598,NA,NA,NA,NA,NA
"LTFE_Duernast",2018,8,10,"2018-09-26",10847,23.36,NA,160.5356,NA,NA,NA,NA,NA
"LTFE_Duernast",2018,22,10,"2018-09-26",12307,23.13,NA,179.6822,NA,NA,NA,NA,NA
"LTFE_Duernast",2018,36,10,"2018-09-26",12226,22.35,NA,228.6262,NA,NA,NA,NA,NA
"LTFE_Duernast",2018,50,10,"2018-09-26",11568,23.38,NA,170.0496,NA,NA,NA,NA,NA
"LTFE_Duernast",2018,10,11,"2018-09-26",12740,23.51,NA,197.47,NA,NA,NA,NA,NA
"LTFE_Duernast",2018,32,11,"2018-09-26",10647,25.26,NA,172.4814,NA,NA,NA,NA,NA
"LTFE_Duernast",2018,46,11,"2018-09-26",11949,22.69,NA,198.3534,NA,NA,NA,NA,NA
"LTFE_Duernast",2018,60,11,"2018-09-26",12137,24.19,NA,194.192,NA,NA,NA,NA,NA
"LTFE_Duernast",2018,12,12,"2018-09-26",12323,22.93,NA,192.2388,NA,NA,NA,NA,NA
"LTFE_Duernast",2018,26,12,"2018-09-26",12095,23.57,NA,180.2155,NA,NA,NA,NA,NA
"LTFE_Duernast",2018,48,12,"2018-09-26",10805,23.94,NA,164.236,NA,NA,NA,NA,NA
"LTFE_Duernast",2018,62,12,"2018-09-26",12447,23.19,NA,187.9497,NA,NA,NA,NA,NA
"LTFE_Duernast",2018,14,13,"2018-09-26",11631,22.91,NA,181.4436,NA,NA,NA,NA,NA
"LTFE_Duernast",2018,28,13,"2018-09-26",11533,23.03,NA,181.0681,NA,NA,NA,NA,NA
"LTFE_Duernast",2018,42,13,"2018-09-26",11445,23.88,NA,200.2875,NA,NA,NA,NA,NA
"LTFE_Duernast",2018,64,13,"2018-09-26",9263,23.27,NA,139.8713,NA,NA,NA,NA,NA
"LTFE_Duernast",2018,16,14,"2018-09-26",11456,23.5,NA,170.6944,NA,NA,NA,NA,NA
"LTFE_Duernast",2018,30,14,"2018-09-26",12786,22.14,NA,198.183,NA,NA,NA,NA,NA
"LTFE_Duernast",2018,44,14,"2018-09-26",10932,23.86,NA,169.446,NA,NA,NA,NA,NA
"LTFE_Duernast",2018,58,14,"2018-09-26",12004,22.95,NA,180.06,NA,NA,NA,NA,NA
"LTFE_Duernast",2018,1,15,"2018-09-26",6776,23.53,NA,77.2464,NA,NA,NA,NA,NA
"LTFE_Duernast",2018,2,15,"2018-09-26",6455,24.8,NA,79.3965,NA,NA,NA,NA,NA
"LTFE_Duernast",2018,23,15,"2018-09-26",7004,22.48,NA,74.9428,NA,NA,NA,NA,NA
"LTFE_Duernast",2018,24,15,"2018-09-26",7051,22.85,NA,88.1375,NA,NA,NA,NA,NA
"LTFE_Duernast",2018,37,15,"2018-09-26",6733,21.38,NA,78.7761,NA,NA,NA,NA,NA
"LTFE_Duernast",2018,38,15,"2018-09-26",6745,21.52,NA,88.3595,NA,NA,NA,NA,NA
"LTFE_Duernast",2018,51,15,"2018-09-26",6169,22.48,NA,82.0477,NA,NA,NA,NA,NA
"LTFE_Duernast",2018,52,15,"2018-09-26",6470,22.88,NA,80.875,NA,NA,NA,NA,NA
"LTFE_Duernast",2019,3,1,"2019-08-05",8659,14.51,42.41,158.4597,NA,NA,NA,NA,NA
"LTFE_Duernast",2019,17,1,"2019-08-05",8943,14.3,42.51,174.3885,NA,NA,NA,NA,NA
"LTFE_Duernast",2019,39,1,"2019-08-05",7786,14.46,38.34,144.041,NA,NA,NA,NA,NA
"LTFE_Duernast",2019,53,1,"2019-08-05",7678,14.37,41.01,150.4888,NA,NA,NA,NA,NA
"LTFE_Duernast",2019,5,2,"2019-08-05",9323,14.11,40.63,170.6109,NA,NA,NA,NA,NA
"LTFE_Duernast",2019,19,2,"2019-08-05",9088,14.33,43.44,183.5776,NA,NA,NA,NA,NA
"LTFE_Duernast",2019,33,2,"2019-08-05",9521,14.2,44.42,171.378,NA,NA,NA,NA,NA
"LTFE_Duernast",2019,55,2,"2019-08-05",7777,14.04,41.13,147.763,NA,NA,NA,NA,NA
"LTFE_Duernast",2019,7,3,"2019-08-05",7609,13.86,42.27,128.5921,NA,NA,NA,NA,NA
"LTFE_Duernast",2019,21,3,"2019-08-05",9298,13.92,44.35,171.0832,NA,NA,NA,NA,NA
"LTFE_Duernast",2019,35,3,"2019-08-05",9272,13.95,45.51,173.3864,NA,NA,NA,NA,NA
"LTFE_Duernast",2019,49,3,"2019-08-05",9157,14.2,43.67,180.3929,NA,NA,NA,NA,NA
"LTFE_Duernast",2019,9,4,"2019-08-05",8825,14.5,41.61,165.91,NA,NA,NA,NA,NA
"LTFE_Duernast",2019,31,4,"2019-08-05",7103,14.48,43.06,123.5922,NA,NA,NA,NA,NA
"LTFE_Duernast",2019,45,4,"2019-08-05",7895,14.08,44.42,150.005,NA,NA,NA,NA,NA
"LTFE_Duernast",2019,59,4,"2019-08-05",7368,14.77,39.98,134.0976,NA,NA,NA,NA,NA
"LTFE_Duernast",2019,11,5,"2019-08-05",7506,14.24,40.08,137.3598,NA,NA,NA,NA,NA
"LTFE_Duernast",2019,25,5,"2019-08-05",7843,14.54,38.96,141.9583,NA,NA,NA,NA,NA
"LTFE_Duernast",2019,47,5,"2019-08-05",7048,13.92,38.7,120.5208,NA,NA,NA,NA,NA
"LTFE_Duernast",2019,61,5,"2019-08-05",6754,14.47,42.38,113.4672,NA,NA,NA,NA,NA
"LTFE_Duernast",2019,13,6,"2019-08-05",7818,14.05,41.01,142.2876,NA,NA,NA,NA,NA
"LTFE_Duernast",2019,27,6,"2019-08-05",8078,13.99,44.82,159.9444,NA,NA,NA,NA,NA
"LTFE_Duernast",2019,41,6,"2019-08-05",8444,14.36,41.1,155.3696,NA,NA,NA,NA,NA
"LTFE_Duernast",2019,63,6,"2019-08-05",6653,14.06,43.26,125.0764,NA,NA,NA,NA,NA
"LTFE_Duernast",2019,15,7,"2019-08-05",7366,13.88,41.99,128.1684,NA,NA,NA,NA,NA
"LTFE_Duernast",2019,29,7,"2019-08-05",8420,14.04,41.1,136.404,NA,NA,NA,NA,NA
"LTFE_Duernast",2019,43,7,"2019-08-05",8556,14.26,43,155.7192,NA,NA,NA,NA,NA
"LTFE_Duernast",2019,57,7,"2019-08-05",8388,14.51,40.29,147.6288,NA,NA,NA,NA,NA
"LTFE_Duernast",2019,4,8,"2019-08-05",10254,13.79,43.98,229.6896,NA,NA,NA,NA,NA
"LTFE_Duernast",2019,18,8,"2019-08-05",10725,14.24,41.48,229.515,NA,NA,NA,NA,NA
"LTFE_Duernast",2019,40,8,"2019-08-05",9104,20.76,40.93,199.3776,NA,NA,NA,NA,NA
"LTFE_Duernast",2019,54,8,"2019-08-05",9883,14.06,41.52,215.4494,NA,NA,NA,NA,NA
"LTFE_Duernast",2019,6,9,"2019-08-05",10998,13.63,42.17,243.0558,NA,NA,NA,NA,NA
"LTFE_Duernast",2019,20,9,"2019-08-05",11542,13.86,43,248.153,NA,NA,NA,NA,NA
"LTFE_Duernast",2019,34,9,"2019-08-05",10952,14.31,41.65,245.3248,NA,NA,NA,NA,NA
"LTFE_Duernast",2019,56,9,"2019-08-05",9125,13.63,43.61,195.275,NA,NA,NA,NA,NA
"LTFE_Duernast",2019,8,10,"2019-08-05",9263,13.29,46.36,194.523,NA,NA,NA,NA,NA
"LTFE_Duernast",2019,22,10,"2019-08-05",10832,13.8,41.62,231.8048,NA,NA,NA,NA,NA
"LTFE_Duernast",2019,36,10,"2019-08-05",11393,13.63,45.54,227.86,NA,NA,NA,NA,NA
"LTFE_Duernast",2019,50,10,"2019-08-05",10657,14.2,41.61,234.454,NA,NA,NA,NA,NA
"LTFE_Duernast",2019,10,11,"2019-08-05",10719,14.18,61.33,227.2428,NA,NA,NA,NA,NA
"LTFE_Duernast",2019,32,11,"2019-08-05",9876,13.48,45.59,204.4332,NA,NA,NA,NA,NA
"LTFE_Duernast",2019,46,11,"2019-08-05",10292,13.7,43.6,219.2196,NA,NA,NA,NA,NA
"LTFE_Duernast",2019,60,11,"2019-08-05",10269,14.43,40.58,212.5683,NA,NA,NA,NA,NA
"LTFE_Duernast",2019,12,12,"2019-08-05",9078,13.81,38.73,211.5174,NA,NA,NA,NA,NA
"LTFE_Duernast",2019,26,12,"2019-08-05",8455,14.34,41.02,188.5465,NA,NA,NA,NA,NA
"LTFE_Duernast",2019,48,12,"2019-08-05",8349,13.78,41.2,163.6404,NA,NA,NA,NA,NA
"LTFE_Duernast",2019,62,12,"2019-08-05",7821,14.52,40.55,157.9842,NA,NA,NA,NA,NA
"LTFE_Duernast",2019,14,13,"2019-08-05",9266,13.7,39,199.219,NA,NA,NA,NA,NA
"LTFE_Duernast",2019,28,13,"2019-08-05",10121,13.93,41.45,217.6015,NA,NA,NA,NA,NA
"LTFE_Duernast",2019,42,13,"2019-08-05",9592,14.6,37.06,215.82,NA,NA,NA,NA,NA
"LTFE_Duernast",2019,64,13,"2019-08-05",7834,13.83,38.71,157.4634,NA,NA,NA,NA,NA
"LTFE_Duernast",2019,16,14,"2019-08-05",8455,13.78,42.17,146.2715,NA,NA,NA,NA,NA
"LTFE_Duernast",2019,30,14,"2019-08-05",9356,13.85,44.55,178.6996,NA,NA,NA,NA,NA
"LTFE_Duernast",2019,44,14,"2019-08-05",10028,13.94,41.37,205.574,NA,NA,NA,NA,NA
"LTFE_Duernast",2019,58,14,"2019-08-05",9151,15.66,40.53,178.4445,NA,NA,NA,NA,NA
"LTFE_Duernast",2019,1,15,"2019-08-05",3969,15.2,36.45,67.8699,NA,NA,NA,NA,NA
"LTFE_Duernast",2019,2,15,"2019-08-05",3095,15.02,41.93,50.139,NA,NA,NA,NA,NA
"LTFE_Duernast",2019,23,15,"2019-08-05",2115,15.09,42.55,34.263,NA,NA,NA,NA,NA
"LTFE_Duernast",2019,24,15,"2019-08-05",1688,14.25,40.81,27.1768,NA,NA,NA,NA,NA
"LTFE_Duernast",2019,37,15,"2019-08-05",2376,14.42,43.47,37.3032,NA,NA,NA,NA,NA
"LTFE_Duernast",2019,38,15,"2019-08-05",2245,14.49,41.13,45.349,NA,NA,NA,NA,NA
"LTFE_Duernast",2019,51,15,"2019-08-05",1753,15.11,40.64,30.8528,NA,NA,NA,NA,NA
"LTFE_Duernast",2019,52,15,"2019-08-05",1924,14.84,40.96,32.9004,NA,NA,NA,NA,NA
"LTFE_Duernast",2020,3,1,"2020-08-26",4567,11.74,NA,93.1668,NA,NA,NA,NA,NA
"LTFE_Duernast",2020,17,1,"2020-08-26",4860,11.95,NA,104.976,NA,NA,NA,NA,NA
"LTFE_Duernast",2020,39,1,"2020-08-26",3886,11.91,NA,76.9428,NA,NA,NA,NA,NA
"LTFE_Duernast",2020,53,1,"2020-08-26",3987,11.55,NA,76.9491,NA,NA,NA,NA,NA
"LTFE_Duernast",2020,5,2,"2020-08-26",4745,11.62,NA,101.0685,NA,NA,NA,NA,NA
"LTFE_Duernast",2020,19,2,"2020-08-26",4842,11.58,NA,102.1662,NA,NA,NA,NA,NA
"LTFE_Duernast",2020,33,2,"2020-08-26",4453,11.75,NA,95.2942,NA,NA,NA,NA,NA
"LTFE_Duernast",2020,55,2,"2020-08-26",3412,11.65,NA,64.4868,NA,NA,NA,NA,NA
"LTFE_Duernast",2020,7,3,"2020-08-26",4325,11.65,NA,81.7425,NA,NA,NA,NA,NA
"LTFE_Duernast",2020,21,3,"2020-08-26",4544,11.82,NA,89.5168,NA,NA,NA,NA,NA
"LTFE_Duernast",2020,35,3,"2020-08-26",4382,11.83,NA,91.5838,NA,NA,NA,NA,NA
"LTFE_Duernast",2020,49,3,"2020-08-26",4004,11.6,NA,82.8828,NA,NA,NA,NA,NA
"LTFE_Duernast",2020,9,4,"2020-08-26",4651,11.59,NA,99.0663,NA,NA,NA,NA,NA
"LTFE_Duernast",2020,31,4,"2020-08-26",3937,11.4,NA,76.3778,NA,NA,NA,NA,NA
"LTFE_Duernast",2020,45,4,"2020-08-26",4458,11.46,NA,87.3768,NA,NA,NA,NA,NA
"LTFE_Duernast",2020,59,4,"2020-08-26",3654,11.55,NA,70.5222,NA,NA,NA,NA,NA
"LTFE_Duernast",2020,11,5,"2020-08-26",4876,11.48,NA,104.834,NA,NA,NA,NA,NA
"LTFE_Duernast",2020,25,5,"2020-08-26",4677,11.82,NA,97.7493,NA,NA,NA,NA,NA
"LTFE_Duernast",2020,47,5,"2020-08-26",4258,11.27,NA,80.902,NA,NA,NA,NA,NA
"LTFE_Duernast",2020,61,5,"2020-08-26",3883,11.33,NA,78.8249,NA,NA,NA,NA,NA
"LTFE_Duernast",2020,13,6,"2020-08-26",4130,11.54,NA,83.839,NA,NA,NA,NA,NA
"LTFE_Duernast",2020,27,6,"2020-08-26",4557,11.57,NA,94.3299,NA,NA,NA,NA,NA
"LTFE_Duernast",2020,41,6,"2020-08-26",4169,11.53,NA,85.0476,NA,NA,NA,NA,NA
"LTFE_Duernast",2020,63,6,"2020-08-26",2759,11.56,NA,49.662,NA,NA,NA,NA,NA
"LTFE_Duernast",2020,15,7,"2020-08-26",4532,11.51,NA,86.5612,NA,NA,NA,NA,NA
"LTFE_Duernast",2020,29,7,"2020-08-26",4515,11.65,NA,93.009,NA,NA,NA,NA,NA
"LTFE_Duernast",2020,43,7,"2020-08-26",4664,11.34,NA,91.8808,NA,NA,NA,NA,NA
"LTFE_Duernast",2020,57,7,"2020-08-26",3692,11.33,NA,76.0552,NA,NA,NA,NA,NA
"LTFE_Duernast",2020,4,8,"2020-08-26",4618,11.5,NA,95.5926,NA,NA,NA,NA,NA
"LTFE_Duernast",2020,18,8,"2020-08-26",5070,11.58,NA,107.991,NA,NA,NA,NA,NA
"LTFE_Duernast",2020,40,8,"2020-08-26",4423,11.77,NA,91.5561,NA,NA,NA,NA,NA
"LTFE_Duernast",2020,54,8,"2020-08-26",4345,11.62,NA,87.3345,NA,NA,NA,NA,NA
"LTFE_Duernast",2020,6,9,"2020-08-26",4637,11.67,NA,94.5948,NA,NA,NA,NA,NA
"LTFE_Duernast",2020,20,9,"2020-08-26",5018,11.5,NA,107.3852,NA,NA,NA,NA,NA
"LTFE_Duernast",2020,34,9,"2020-08-26",4479,11.43,NA,96.2985,NA,NA,NA,NA,NA
"LTFE_Duernast",2020,56,9,"2020-08-26",3850,11.42,NA,72.765,NA,NA,NA,NA,NA
"LTFE_Duernast",2020,8,10,"2020-08-26",3965,11.4,NA,81.2825,NA,NA,NA,NA,NA
"LTFE_Duernast",2020,22,10,"2020-08-26",4198,11.71,NA,80.1818,NA,NA,NA,NA,NA
"LTFE_Duernast",2020,36,10,"2020-08-26",4548,11.93,NA,92.3244,NA,NA,NA,NA,NA
"LTFE_Duernast",2020,50,10,"2020-08-26",4315,11.65,NA,88.026,NA,NA,NA,NA,NA
"LTFE_Duernast",2020,10,11,"2020-08-26",4951,11.84,NA,108.4269,NA,NA,NA,NA,NA
"LTFE_Duernast",2020,32,11,"2020-08-26",4333,11.69,NA,85.7934,NA,NA,NA,NA,NA
"LTFE_Duernast",2020,46,11,"2020-08-26",4644,11.55,NA,89.6292,NA,NA,NA,NA,NA
"LTFE_Duernast",2020,60,11,"2020-08-26",4067,11.68,NA,84.5936,NA,NA,NA,NA,NA
"LTFE_Duernast",2020,12,12,"2020-08-26",5161,11.65,NA,107.3488,NA,NA,NA,NA,NA
"LTFE_Duernast",2020,26,12,"2020-08-26",5234,11.71,NA,110.4374,NA,NA,NA,NA,NA
"LTFE_Duernast",2020,48,12,"2020-08-26",3839,12.11,NA,72.5571,NA,NA,NA,NA,NA
"LTFE_Duernast",2020,62,12,"2020-08-26",3930,11.54,NA,77.028,NA,NA,NA,NA,NA
"LTFE_Duernast",2020,14,13,"2020-08-26",4826,11.7,NA,100.3808,NA,NA,NA,NA,NA
"LTFE_Duernast",2020,28,13,"2020-08-26",4704,11.68,NA,100.6656,NA,NA,NA,NA,NA
"LTFE_Duernast",2020,42,13,"2020-08-26",4686,11.47,NA,102.6234,NA,NA,NA,NA,NA
"LTFE_Duernast",2020,64,13,"2020-08-26",2654,11.9,NA,53.3454,NA,NA,NA,NA,NA
"LTFE_Duernast",2020,16,14,"2020-08-26",4558,11.92,NA,99.8202,NA,NA,NA,NA,NA
"LTFE_Duernast",2020,30,14,"2020-08-26",4521,11.71,NA,93.5847,NA,NA,NA,NA,NA
"LTFE_Duernast",2020,44,14,"2020-08-26",4866,12.01,NA,98.7798,NA,NA,NA,NA,NA
"LTFE_Duernast",2020,58,14,"2020-08-26",3909,11.39,NA,84.0435,NA,NA,NA,NA,NA
"LTFE_Duernast",2020,1,15,"2020-08-26",5424,11.7,NA,107.3952,NA,NA,NA,NA,NA
"LTFE_Duernast",2020,2,15,"2020-08-26",4214,11.77,NA,82.5944,NA,NA,NA,NA,NA
"LTFE_Duernast",2020,23,15,"2020-08-26",3376,11.62,NA,62.7936,NA,NA,NA,NA,NA
"LTFE_Duernast",2020,24,15,"2020-08-26",3879,11.4,NA,79.5195,NA,NA,NA,NA,NA
"LTFE_Duernast",2020,37,15,"2020-08-26",3892,11.33,NA,77.84,NA,NA,NA,NA,NA
"LTFE_Duernast",2020,38,15,"2020-08-26",3508,11.4,NA,69.1076,NA,NA,NA,NA,NA
"LTFE_Duernast",2020,51,15,"2020-08-26",3505,11.71,NA,67.6465,NA,NA,NA,NA,NA
"LTFE_Duernast",2020,52,15,"2020-08-26",3805,11.36,NA,74.578,NA,NA,NA,NA,NA
"LTFE_Duernast",2021,3,1,"2021-07-13",8157,13.49,42.6,137.0376,NA,NA,NA,NA,NA
"LTFE_Duernast",2021,17,1,"2021-07-13",7340,12.58,44,138.726,NA,NA,NA,NA,NA
"LTFE_Duernast",2021,39,1,"2021-07-13",5586,13.54,44.2,100.548,NA,NA,NA,NA,NA
"LTFE_Duernast",2021,53,1,"2021-07-13",5091,12.94,42.2,95.2017,NA,NA,NA,NA,NA
"LTFE_Duernast",2021,5,2,"2021-07-13",7075,12.02,38,136.5475,NA,NA,NA,NA,NA
"LTFE_Duernast",2021,19,2,"2021-07-13",7848,11.95,41.5,160.884,NA,NA,NA,NA,NA
"LTFE_Duernast",2021,33,2,"2021-07-13",7826,12.31,39.1,155.7374,NA,NA,NA,NA,NA
"LTFE_Duernast",2021,55,2,"2021-07-13",6247,13.01,43.3,117.4436,NA,NA,NA,NA,NA
"LTFE_Duernast",2021,7,3,"2021-07-13",7421,12.8,41,130.6096,NA,NA,NA,NA,NA
"LTFE_Duernast",2021,21,3,"2021-07-13",6908,12.17,43.4,113.982,NA,NA,NA,NA,NA
"LTFE_Duernast",2021,35,3,"2021-07-13",7332,11.27,43.33,120.978,NA,NA,NA,NA,NA
"LTFE_Duernast",2021,49,3,"2021-07-13",7414,11.87,43.4,126.7794,NA,NA,NA,NA,NA
"LTFE_Duernast",2021,9,4,"2021-07-13",8747,12.35,41.9,155.6966,NA,NA,NA,NA,NA
"LTFE_Duernast",2021,31,4,"2021-07-13",6798,13.02,42.8,123.7236,NA,NA,NA,NA,NA
"LTFE_Duernast",2021,45,4,"2021-07-13",8248,0.299999999999997,43.2,155.0624,NA,NA,NA,NA,NA
"LTFE_Duernast",2021,59,4,"2021-07-13",7432,12.62,43,138.2352,NA,NA,NA,NA,NA
"LTFE_Duernast",2021,11,5,"2021-07-13",5665,12.09,41.3,110.4675,NA,NA,NA,NA,NA
"LTFE_Duernast",2021,25,5,"2021-07-13",6401,12.11,41.4,125.4596,NA,NA,NA,NA,NA
"LTFE_Duernast",2021,47,5,"2021-07-13",4931,13.35,41.3,96.6476,NA,NA,NA,NA,NA
"LTFE_Duernast",2021,61,5,"2021-07-13",5516,13.46,43,113.078,NA,NA,NA,NA,NA
"LTFE_Duernast",2021,13,6,"2021-07-13",5489,11.96,43.8,96.0575,NA,NA,NA,NA,NA
"LTFE_Duernast",2021,27,6,"2021-07-13",6591,8.83,45.1,109.4106,NA,NA,NA,NA,NA
"LTFE_Duernast",2021,41,6,"2021-07-13",6868,11.52,42.4,114.0088,NA,NA,NA,NA,NA
"LTFE_Duernast",2021,63,6,"2021-07-13",3014,42.19,42.2,49.4296,NA,NA,NA,NA,NA
"LTFE_Duernast",2021,15,7,"2021-07-13",8347,4.97,42.7,150.246,NA,NA,NA,NA,NA
"LTFE_Duernast",2021,29,7,"2021-07-13",7446,12.45,41.7,138.4956,NA,NA,NA,NA,NA
"LTFE_Duernast",2021,43,7,"2021-07-13",7891,11.73,42.5,153.8745,NA,NA,NA,NA,NA
"LTFE_Duernast",2021,57,7,"2021-07-13",8211,12.28,40.9,149.4402,NA,NA,NA,NA,NA
"LTFE_Duernast",2021,4,8,"2021-07-13",7684,11.83,44.1,159.8272,NA,NA,NA,NA,NA
"LTFE_Duernast",2021,18,8,"2021-07-13",7359,11.85,42.8,159.6903,NA,NA,NA,NA,NA
"LTFE_Duernast",2021,40,8,"2021-07-13",6003,12.61,44,132.066,NA,NA,NA,NA,NA
"LTFE_Duernast",2021,54,8,"2021-07-13",6233,12.62,42.4,138.3726,NA,NA,NA,NA,NA
"LTFE_Duernast",2021,6,9,"2021-07-13",8130,11.51,38.7,198.372,NA,NA,NA,NA,NA
"LTFE_Duernast",2021,20,9,"2021-07-13",11404,-38.02,39.4,283.9596,NA,NA,NA,NA,NA
"LTFE_Duernast",2021,34,9,"2021-07-13",8265,11.44,41.8,209.1045,NA,NA,NA,NA,NA
"LTFE_Duernast",2021,56,9,"2021-07-13",6607,12.52,44.1,151.3003,NA,NA,NA,NA,NA
"LTFE_Duernast",2021,8,10,"2021-07-13",7847,12.13,41.7,155.3706,NA,NA,NA,NA,NA
"LTFE_Duernast",2021,22,10,"2021-07-13",7698,12.59,39.6,163.9674,NA,NA,NA,NA,NA
"LTFE_Duernast",2021,36,10,"2021-07-13",7380,12.05,42.6,154.98,NA,NA,NA,NA,NA
"LTFE_Duernast",2021,50,10,"2021-07-13",8063,11.73,39.6,156.4222,NA,NA,NA,NA,NA
"LTFE_Duernast",2021,10,11,"2021-07-13",8680,11.58,40.1,207.452,NA,NA,NA,NA,NA
"LTFE_Duernast",2021,32,11,"2021-07-13",7450,12.02,40.2,176.565,NA,NA,NA,NA,NA
"LTFE_Duernast",2021,46,11,"2021-07-13",8104,12.36,40,182.34,NA,NA,NA,NA,NA
"LTFE_Duernast",2021,60,11,"2021-07-13",8427,12.92,40,187.9221,NA,NA,NA,NA,NA
"LTFE_Duernast",2021,12,12,"2021-07-13",5642,-10.4,39.8,139.9216,NA,NA,NA,NA,NA
"LTFE_Duernast",2021,26,12,"2021-07-13",6442,12.01,42.3,141.724,NA,NA,NA,NA,NA
"LTFE_Duernast",2021,48,12,"2021-07-13",4952,12.41,41,104.4872,NA,NA,NA,NA,NA
"LTFE_Duernast",2021,62,12,"2021-07-13",5907,13.12,39.3,125.8191,NA,NA,NA,NA,NA
"LTFE_Duernast",2021,14,13,"2021-07-13",7305,12.28,44.7,147.561,NA,NA,NA,NA,NA
"LTFE_Duernast",2021,28,13,"2021-07-13",5859,11.66,42.2,125.9685,NA,NA,NA,NA,NA
"LTFE_Duernast",2021,42,13,"2021-07-13",7422,12,42.6,158.0886,NA,NA,NA,NA,NA
"LTFE_Duernast",2021,64,13,"2021-07-13",5446,13.02,40.4,104.0186,NA,NA,NA,NA,NA
"LTFE_Duernast",2021,16,14,"2021-07-13",8283,12.11,39.2,201.2769,NA,NA,NA,NA,NA
"LTFE_Duernast",2021,30,14,"2021-07-13",8387,12.94,38.3,197.0945,NA,NA,NA,NA,NA
"LTFE_Duernast",2021,44,14,"2021-07-13",7670,12.25,40.5,182.546,NA,NA,NA,NA,NA
"LTFE_Duernast",2021,58,14,"2021-07-13",9333,12.73,NA,209.9925,NA,NA,NA,NA,NA
"LTFE_Duernast",2021,1,15,"2021-07-13",3694,12.52,40.2,45.4362,NA,NA,NA,NA,NA
"LTFE_Duernast",2021,2,15,"2021-07-13",3823,12.48,42.6,53.522,NA,NA,NA,NA,NA
"LTFE_Duernast",2021,23,15,"2021-07-13",2671,3.97,44.4,33.9217,NA,NA,NA,NA,NA
"LTFE_Duernast",2021,24,15,"2021-07-13",2589,12.8,41.7,32.6214,NA,NA,NA,NA,NA
"LTFE_Duernast",2021,37,15,"2021-07-13",2723,10.57,41.2,32.9483,NA,NA,NA,NA,NA
"LTFE_Duernast",2021,38,15,"2021-07-13",3758,15,42.7,50.3572,NA,NA,NA,NA,NA
"LTFE_Duernast",2021,51,15,"2021-07-13",2136,12.52,42.77,27.9816,NA,NA,NA,NA,NA
"LTFE_Duernast",2021,52,15,"2021-07-13",2373,14.35,40,30.6117,NA,NA,NA,NA,NA
"LTFE_Duernast",2022,3,1,"2022-10-12",7156,5.86,NA,0,NA,NA,NA,NA,NA
"LTFE_Duernast",2022,17,1,"2022-10-12",7909,5.98999999999999,NA,0,NA,NA,NA,NA,NA
"LTFE_Duernast",2022,39,1,"2022-10-12",6175,10.74,NA,0,NA,NA,NA,NA,NA
"LTFE_Duernast",2022,53,1,"2022-10-12",7542,5.91,NA,0,NA,NA,NA,NA,NA
"LTFE_Duernast",2022,5,2,"2022-10-12",7394,5.40000000000001,NA,0,NA,NA,NA,NA,NA
"LTFE_Duernast",2022,19,2,"2022-10-12",7169,6.41,NA,0,NA,NA,NA,NA,NA
"LTFE_Duernast",2022,33,2,"2022-10-12",7744,8.83,NA,0,NA,NA,NA,NA,NA
"LTFE_Duernast",2022,55,2,"2022-10-12",6389,6.48,NA,0,NA,NA,NA,NA,NA
"LTFE_Duernast",2022,7,3,"2022-10-12",7785,5.66,NA,0,NA,NA,NA,NA,NA
"LTFE_Duernast",2022,21,3,"2022-10-12",7244,5.76000000000001,NA,0,NA,NA,NA,NA,NA
"LTFE_Duernast",2022,35,3,"2022-10-12",7369,4.94,NA,0,NA,NA,NA,NA,NA
"LTFE_Duernast",2022,49,3,"2022-10-12",7299,2.39,NA,0,NA,NA,NA,NA,NA
"LTFE_Duernast",2022,9,4,"2022-10-12",7610,5.56,NA,0,NA,NA,NA,NA,NA
"LTFE_Duernast",2022,31,4,"2022-10-12",7033,7.06999999999999,NA,0,NA,NA,NA,NA,NA
"LTFE_Duernast",2022,45,4,"2022-10-12",7291,6.33,NA,0,NA,NA,NA,NA,NA
"LTFE_Duernast",2022,59,4,"2022-10-12",6561,13.68,NA,0,NA,NA,NA,NA,NA
"LTFE_Duernast",2022,11,5,"2022-10-12",7256,6,NA,0,NA,NA,NA,NA,NA
"LTFE_Duernast",2022,25,5,"2022-10-12",7952,5.84999999999999,NA,0,NA,NA,NA,NA,NA
"LTFE_Duernast",2022,47,5,"2022-10-12",7660,5.94,NA,0,NA,NA,NA,NA,NA
"LTFE_Duernast",2022,61,5,"2022-10-12",7790,8.86,NA,0,NA,NA,NA,NA,NA
"LTFE_Duernast",2022,13,6,"2022-10-12",7672,6.59999999999999,NA,0,NA,NA,NA,NA,NA
"LTFE_Duernast",2022,27,6,"2022-10-12",7730,6.26000000000001,NA,0,NA,NA,NA,NA,NA
"LTFE_Duernast",2022,41,6,"2022-10-12",7951,-0.209999999999994,NA,0,NA,NA,NA,NA,NA
"LTFE_Duernast",2022,63,6,"2022-10-12",6614,8.79000000000001,NA,0,NA,NA,NA,NA,NA
"LTFE_Duernast",2022,15,7,"2022-10-12",7062,7.02,NA,0,NA,NA,NA,NA,NA
"LTFE_Duernast",2022,29,7,"2022-10-12",7058,6.61,NA,0,NA,NA,NA,NA,NA
"LTFE_Duernast",2022,43,7,"2022-10-12",7406,7.23,NA,0,NA,NA,NA,NA,NA
"LTFE_Duernast",2022,57,7,"2022-10-12",8088,6.48999999999999,NA,0,NA,NA,NA,NA,NA
"LTFE_Duernast",2022,4,8,"2022-10-12",8497,6.42,NA,0,NA,NA,NA,NA,NA
"LTFE_Duernast",2022,18,8,"2022-10-12",8175,5.84,NA,0,NA,NA,NA,NA,NA
"LTFE_Duernast",2022,40,8,"2022-10-12",7808,4.76000000000001,NA,0,NA,NA,NA,NA,NA
"LTFE_Duernast",2022,54,8,"2022-10-12",7529,6.31,NA,0,NA,NA,NA,NA,NA
"LTFE_Duernast",2022,6,9,"2022-10-12",8961,6.36,NA,0,NA,NA,NA,NA,NA
"LTFE_Duernast",2022,20,9,"2022-10-12",8544,6.29000000000001,NA,0,NA,NA,NA,NA,NA
"LTFE_Duernast",2022,34,9,"2022-10-12",8912,6.81999999999999,NA,0,NA,NA,NA,NA,NA
"LTFE_Duernast",2022,56,9,"2022-10-12",7919,5.93000000000001,NA,0,NA,NA,NA,NA,NA
"LTFE_Duernast",2022,8,10,"2022-10-12",8420,6.72,NA,0,NA,NA,NA,NA,NA
"LTFE_Duernast",2022,22,10,"2022-10-12",8415,5.53,NA,0,NA,NA,NA,NA,NA
"LTFE_Duernast",2022,36,10,"2022-10-12",7673,8.84999999999999,NA,0,NA,NA,NA,NA,NA
"LTFE_Duernast",2022,50,10,"2022-10-12",8249,14.09,NA,0,NA,NA,NA,NA,NA
"LTFE_Duernast",2022,10,11,"2022-10-12",8883,6.38,NA,0,NA,NA,NA,NA,NA
"LTFE_Duernast",2022,32,11,"2022-10-12",8744,5.59999999999999,NA,0,NA,NA,NA,NA,NA
"LTFE_Duernast",2022,46,11,"2022-10-12",8271,6.92,NA,0,NA,NA,NA,NA,NA
"LTFE_Duernast",2022,60,11,"2022-10-12",8593,5.48,NA,0,NA,NA,NA,NA,NA
"LTFE_Duernast",2022,12,12,"2022-10-12",8443,7.06999999999999,NA,0,NA,NA,NA,NA,NA
"LTFE_Duernast",2022,26,12,"2022-10-12",8672,7.09,NA,0,NA,NA,NA,NA,NA
"LTFE_Duernast",2022,48,12,"2022-10-12",8430,3.56,NA,0,NA,NA,NA,NA,NA
"LTFE_Duernast",2022,62,12,"2022-10-12",8634,-1.70999999999999,NA,0,NA,NA,NA,NA,NA
"LTFE_Duernast",2022,14,13,"2022-10-12",6701,6.41,NA,0,NA,NA,NA,NA,NA
"LTFE_Duernast",2022,28,13,"2022-10-12",9098,6.45,NA,0,NA,NA,NA,NA,NA
"LTFE_Duernast",2022,42,13,"2022-10-12",8483,9.94,NA,0,NA,NA,NA,NA,NA
"LTFE_Duernast",2022,64,13,"2022-10-12",7316,6.72,NA,0,NA,NA,NA,NA,NA
"LTFE_Duernast",2022,16,14,"2022-10-12",8285,5.56999999999999,NA,0,NA,NA,NA,NA,NA
"LTFE_Duernast",2022,30,14,"2022-10-12",8780,5.98,NA,0,NA,NA,NA,NA,NA
"LTFE_Duernast",2022,44,14,"2022-10-12",9265,4.09999999999999,NA,0,NA,NA,NA,NA,NA
"LTFE_Duernast",2022,58,14,"2022-10-12",8913,3.78,NA,0,NA,NA,NA,NA,NA
"LTFE_Duernast",2022,1,15,"2022-10-12",5425,6.11,NA,0,NA,NA,NA,NA,NA
"LTFE_Duernast",2022,2,15,"2022-10-12",5204,6.8,NA,0,NA,NA,NA,NA,NA
"LTFE_Duernast",2022,23,15,"2022-10-12",4176,6.23999999999999,NA,0,NA,NA,NA,NA,NA
"LTFE_Duernast",2022,24,15,"2022-10-12",4633,6.98,NA,0,NA,NA,NA,NA,NA
"LTFE_Duernast",2022,37,15,"2022-10-12",4442,0.640000000000001,NA,0,NA,NA,NA,NA,NA
"LTFE_Duernast",2022,38,15,"2022-10-12",4008,9.69,NA,0,NA,NA,NA,NA,NA
"LTFE_Duernast",2022,51,15,"2022-10-12",4151,2.68000000000001,NA,0,NA,NA,NA,NA,NA
"LTFE_Duernast",2022,52,15,"2022-10-12",4059,7.54000000000001,NA,0,NA,NA,NA,NA,NA
